Config/avatar.csv;0503c3864c7696faf81034240895670e
Config/build.csv;f7b83c689970eb470c65899c11031419
Config/build_baseprop.csv;d22754871acedc1f634c8fa47a54dbd1
Config/build_level.csv;d1262494e18d5a6bba72cb693aabff1f
Config/build_produce.csv;b6f79497c6357cb66c2929de04c4fd8b
Config/build_spot.csv;d023ee8d1c98b2cca2a737707f5b4bf2
Config/build_turret.csv;73918ed324b4ea6b7a43c40d41eee8bd
Config/build_wall.csv;d98129da16e2d0acc0ef84aa74a543bf
Config/card.csv;d701d6c7da37e65e39c6e18e2e5c2543
Config/card_level.csv;82367b5acfbb1e1dc94d91f31e66071c
Config/card_quality.csv;57bbb2db120d1c2d64470c8903b36010
Config/chest.csv;b1160f9032b610cacc7c8bc6f8d5c7bf
Config/chest_activity.csv;3bc2185e312bcb59078fecaa3e444731
Config/chest_frequency.csv;b51697df7b89d89bc39982298ced30f9
Config/chest_type.csv;59aea32a84a719727f3d35bf57e10752
Config/const_vars.csv;2608ebe86d47d317f65bc8e784d7da0e
Config/dungeon.csv;d0e5e4cf543af7093acb2a8d4108c0fe
Config/dungeon_stage.csv;fb376c8ff6db566db088552fb6ffd13a
Config/exp.csv;05a6596f6ae57a8443ab216084a07801
Config/exp_neutral.csv;28628833a36ed360bb6886b7b5b6bca0
Config/formula.csv;28fe78ae8a57250de4a0122359927d06
Config/grade.csv;528d52b53d5482d943c7bbb824bd7e18
Config/grade_arena.csv;3208cb7867236c3cb127f32b4e9a28e9
Config/item.csv;279b2d3acd17107eb3427139c8879632
Config/lineup_specially.csv;20d3d0e6aa2b8bd1a3522e5d1fa77f94
Config/mail.csv;c8ee3c0b334176a59286ae04b983b49f
Config/menu.csv;09d62a64a6d903b808c3e6ac51568391
Config/money_2_coin.csv;17bb8dc665ffcec3636064e12ef8bf45
Config/monster.csv;dc72a38c6f2d231f5e2ee72a2d29cf4e
Config/morale_consume.csv;40f5e7628276a8350673941c496c7b1a
Config/morale_hero_get.csv;e99b60ecc3b370477c752a0cc861d2f1
Config/morale_solider_get.csv;eb57ea7b2cc7050f32fb93b93b999680
Config/plot_war_hero.csv;c088978dc8e4ff8457e2e95829e9e7c1
Config/plot_war_start.csv;4d38fef0cbb4b8c2362247b08f75526d
Config/preload.csv;d41d8cd98f00b204e9800998ecf8427e
Config/property.csv;fe0019fac3e3528f5a609bf78f7f2c65
Config/robot.csv;fde559ffa1a8bb96b25d07e7fccde65b
Config/role_cd.csv;bb02a642d6aa2204394eaf18fc66f04e
Config/role_name.csv;aa485de1dd2b3ddbff3bc69af6c82449
Config/shop_ price.csv;c7652ff387545046a716b1733f1fbddf
Config/shop_info.csv;fb915d22709a830f7804fa09720344d0
Config/shop_price.csv;7a2ac993142981d7266ff7479a4e9cc0
Config/skill_war_attri.csv;4dc16ca46cb6025a25bcbc563165cefb
Config/skill_war_effect.csv;b6783ab34835d93bfcb11e32381c9f6f
Config/skills_display.csv;1c0ef259d7814be95f1a9d8e9bd2e5cd
Config/skills_upgrade_money.csv;ad3564fb74cd37649749f13e027ac7f7
Config/soldier.csv;7646f9d2ee11fbdeb3fa5a9065145371
Config/stage.csv;170068c22af15a3f089e2d5ae7a08066
Config/stage_ai.csv;7bad4204e60c8ce5b0a41bacaadbec57
Config/stage_map.csv;96fc2bedff37c839e61deee54a0949a6
Config/stage_position.csv;23f57aee5d22068e0a9db9a03c19477b
Config/stage_star.csv;c4ec13d3e7435fc9b43db2847a6d76f9
Config/stage_weight.csv;024d7e18cd484bdbbcb9beab3768a295
Config/stage_win.csv;27c99987d86d23aae23ec0b4ac3cd687
Config/sysmsg.csv;533e9569afdc17ae87f163bd82c44d81
Config/task.csv;9f7f8cfe015bf713b2c418aaae9cab16
Config/tip.csv;26579ccc314bfaf2e3f35bd25c2e6028
Config/train.csv;72aedf6a868c4ad852c2af07dff42dbd
Config/stage_path/path_1.json;8b72865af95b9bf6cb37b4da548c5fc5
Config/stage_path/path_2.json;d2844a9d581b363056d755abc0a94662
Config/stage_path/path_3.json;af72d1eb935f885a92d206a3c85772c8
Config/stage_path/path_30001.json;cc937031686e1d66126524998cda241a
Config/stage_path/path_30002.json;a225339e28c1960cbf73e852eb756fa4
Config/stage_path/path_30003.json;2102d38b9262e91cdcd5dba6df1991a3
Config/stage_path/path_30004.json;bc172be5d5ba10b2678846c4cd89004f
Config/stage_path/path_30005.json;380da15e1d4baedaec644336f0cb1f43
Config/stage_path/path_30006.json;34c975cf53356e39a6cd7bb1d6afb0c6
Config/stage_path/path_4.json;71768ad49324f715d2a59eb00841b413
Config/stage_path/path_40001.json;72523942cde4f0c2df32e0efdd7cd404
Config/stage_path/path_400011.json;ba1d01974a014f1f10ccb8bfc93b6129
Config/stage_path/path_40002.json;ce74c508e58973ce2983406a9fc0f3cb
Config/stage_path/path_400021.json;c58021eabfaca1d532ed19134f7ad443
Config/stage_path/path_40003.json;13a9e0e0902170efa1b1cfe41d5c0100
Config/stage_path/path_400031.json;ecd3ad102eef95045eea21d7bbca7ac5
Config/stage_path/path_40004.json;2e09f9fade5ff926c531bbba90241444
Config/stage_path/path_400041.json;a7509a26e9480fa98cae05ca58ec1719
Config/stage_path/path_40005.json;2100b64934c5bf156f20871c8a3a91b2
Config/stage_path/path_400051.json;c84e31c4224b0f459f98024672caa95f
Config/stage_path/path_40006.json;9507871e8dcd76da2a3ed54ac4e643a6
Config/stage_path/path_400061.json;acb599dccca4ac14f627ab4fdacc9026
Config/stage_path/path_5.json;80eb7ac44f926944c57a4132b1a957cd
Config/stage_path/path_6.json;cca0dd039b9f07d6e08aa689926923c7
Config/stage_path/path_71.json;88b4b7c79327278a2506d65e6dea53a4
Config/stage_path/path_72.json;850ea17acad0211dfdc935fef5051a4f
Config/stage_path/path_73.json;82197eca0ed905303de02c748703247a
Config/stage_path/path_74.json;1d4b8fddf0435c3fc57f0dc947168f63
Config/stage_path/path_75.json;37be89b233602ae11d999eba532e28a3
Config/stage_path/path_76.json;c634fc0c8df35efde7d363ee26756592
Config/stage_path/path_77.json;5db9f60cb46ad701168b770826c5eb2a
Config/stage_path/path_78.json;d324c596b43d609b2b6c98e00d5f0993
Config/stage_path/path_79.json;37afc146597120fce1bfdbecaf02eee2
Config/stage_path/path_80.json;2a73832d26ee079e8770537faf48ae77
Config/stage_path/path_900001.json;30e644e0694720c8684005b20da126a9