War/UI/War_View_SendArmy;943eb3eca2859db7d4d2c0f950f19dc3
War/UI/War_View_SkillOperate_SelectUnit;2a5c3f5471fc32daab8e96fcca7fcc27
War/UI/War_View_UplevelView;0ce7abde8d1a02c8efe2675b11efd12d
War/Unit/War_AtkRadius;4e2665f3b61c4b090c69cca7a7d99ed0
War/Unit/War_Build;02058c32d1f320a2a788e2480d50a647
War/Unit/War_Build_Casern;a3cd1268d06ab026e331f360b49c4a30
War/Unit/War_Build_Spot;60df838677667c41702f9c4deef4564a
War/Unit/War_Build_Turret;a00948d309e812eef89e9ecc8f3f2c5d
War/Unit/War_Hero;24b84cf73416250fb91d6f2294a95271
War/Unit/War_Hun;174e6c46686e1a0169b6a0c730242543
War/Unit/War_Player;7bad73237e9d34f7879dd61b2e4ce7cc
War/Unit/War_Shadow;19aa613e1891982664a717046211fae9
War/Unit/War_Solider;a47d88f21ab71436fded742573e4bb92
War/Unit/War_UnitPathGroup;bdd8ab8ff885f2c50ee84f24f9c9e31c
War/Unit/War_Wall;9008bac07e0c54984291fe6e54d3826a
War/View/SkillButton;baccb28141c2e18a40718b8c84addc84
War/View/SkillButton_UseEffect;09a135f1590c29714f72e308dae13eca
War/View/WarViews_Clock;6958ae2b63ddc40e9533afe7d33be34f
War/View/WarViews_HeroHead;a8d7df3dfd2c3659e592bb9a3b316760
War/View/WarViews_UnitHP;f688a1de987595c1cec57b23044614be
War/View/WarViews_UnitSOS;31a5334d7ccf1251b682f60b71258a9e
Image/Common/main_deal_tag;4f23520dafb35b3ee35e526166159f49
Image/Common/main_deal_tag_01;f8cdb41f4fe67f3b874e8a04d3e2590e
Image/Grade/bai_jin;4e839cc9b25102208d7a6cfed3660d0b
Image/Grade/baiyin;69ac5a3e903eb98deb517ba021bab9c0
Image/Grade/da_shi;215d39769d10c46144fc78c4a6078b09
Image/Grade/huang_jin;5f24c96f2d6db8667ad4a34e88bb1b79
Image/Grade/huang_tong;ee2e9a96a5b2092cd52af2c7670c56ea
Image/Grade/wang_zhe;1a25b07700b5fef1af21490c6e957e2c
Image/Grade/xun_lian;2d3217946378b4c6b169579c88b0a4d0
Image/Grade/zuan_shi;023c88e77de4d9cdd94d5d2b4d84da29
Image/Hero/hero_20001;14dd871ec58345138f37a3c639bd34db
Image/Hero/hero_20002;933bae4c00d76d24f26b1064821c2b7e
Image/Hero/hero_20003;f78253c58abbfd83fe5157995044b2b3
Image/Hero/hero_20004;d419fa3ad5807215698a7f6908be5cb2
Image/Hero/hero_20005;3fa6747f1e4ad73607a8f9d0833835bc
Image/Hero/hero_20006;381a26928037c994534f0db94f6fb3b1
Image/Hero/hero_20007;fdf503eca89b4de00c5fa53762c2e46a
Image/Hero/hero_20008;b808a253f006a54dd8c3629a7596ed1b
Image/Hero/hero_20009;53e40ce70b4547212248bac7f6062c1e
Image/Hero/hero_20010;22ecbca235181661170b311f7dd0c0f2
Image/Hero/hero_20101;c6e2ee73357628944f9d617211e46e1c
Image/Hero/hero_20102;8f8965cc8ee57e12ce97ad8b77545c23
Image/Hero/hero_20103;191d7c439b1f96a44ca10423e646b79f
Image/Hero/hero_20104;da98f90958160ba8a862de0afe1ea2c5
Image/Hero/hero_20105;929e3169f49ec038df55c6e3abecec2b
Image/Hero/hero_20106;4dd48010b514b2b42eade43b3a8b941c
Image/Hero/hero_20107;31091dcf978b932945241633d8957a01
Image/Hero/hero_20108;b35dd6a2ad3b8949dd446b3f49348a50
Image/Hero/hero_20109;b30b326e3fd15904c0538aecb289256b
Image/Hero/hero_20110;d2adf0ee1021d768ddef75c0a12c9048
Image/Hero/hero_20201;0127e77429c7b7b1b6ab8f30b7a88224
Image/Hero/hero_20202;41f7760a6880b54dfab590997931e506
Image/Hero/hero_20204;6d5510ada3fbbf8982d799b37633c6b9
Image/Hero/hero_20205;4f959505d70fbdb758e80c3ab44c673b
Image/Hero/hero_20206;896e2364b046841843b14e10a5b41e38
Image/Hero/hero_20207;65fd98a605cf6131b47d6790907948de
Image/Hero/hero_20208;5eebc563fedf6c5c242c636d6a3eef74
Image/Hero/hero_20209;27412cc895b09d8c8c823a4bc3101f0a
Image/Hero/hero_20210;af9325966594845604a9af65a6b658f3
Image/Hero/hero_20301;bd93b11a49ed54fce27a6437b3a6ac77
Image/Hero/hero_20302;a903f9e68ba6da69e30b1e61c9944e70
Image/Hero/hero_20303;4418e1aad7a99afb6932f06517251af1
Image/Hero/hero_20304;09c706a3db0417cd2928b4212a2c6a98
Image/Hero/hero_20305;176b66d5a104e2d35f7afa858c2a2976
Image/Hero/hero_20306;0590547ebb12b8e3c0157c9593ad36b5
Image/Hero/hero_20307;efcefec55da500f01006176d7bdc2ba8
Image/Hero/hero_20308;73133d073eb1c45d6f1c1bb2817941cc
Image/Hero/hero_20309;8aea66a8c67d37e654908e21c6fed023
Image/Hero/hero_20310;380b38763ca422aaddf87b935ce0982c
Image/Hero/hero_20999;c5473b1d1fd285e9f710bf9ed1782165
Image/Hero/hero_full_20001;8589ea49689005eace9c7ad067abf709
Image/Hero/hero_full_20002;11987053f3b1b58067fc378f6cf096b5
Image/Hero/hero_full_20003;a1fd964493a68a09d7947e9f3869120b
Image/Hero/hero_full_20004;011da9b4658b08577a4df4e0afb52fac
Image/Hero/hero_full_20005;c0a8920a3d68ee889d694da413842778
Image/Hero/hero_full_20006;21e9066cc88817809f7babd65d1f28ae
Image/Hero/hero_full_20007;3a8dcee5d4ab24b1f408f891b8552776
Image/Hero/hero_full_20008;e01353d0ac6d69875388fa468b3f49ca
Image/Hero/hero_full_20009;3329f4cdcb436a02f7a5c16844154c1c
Image/Hero/hero_full_20010;5c7fadb5e0f94151d8084ef685f8b184
Image/Hero/hero_full_20101;5fa7a20d2eccb9b055a7c4dd037f1396
Image/Hero/hero_full_20102;5e4e37a1f549592ba365f71012aed7a2
Image/Hero/hero_full_20103;409539255525c5e89de1cf6e15adc55c
Image/Hero/hero_full_20104;4d2b884ab0682876067f27bea85238fc
Image/Hero/hero_full_20105;51ee1391a0e9b50ad7daf91e62c5a430
Image/Hero/hero_full_20106;a37cf5250cc67cdc2439c44935824e65
Image/Hero/hero_full_20107;a6976e17d90e9a1150aee0207d3157f1
Image/Hero/hero_full_20108;bcbe3b05e0cf965da089d91b20b76205
Image/Hero/hero_full_20109;072310b95046fd091161d39bdc4fb16e
Image/Hero/hero_full_20110;13f8d0f47d65739fb69be7c34d7d138c
Image/Hero/hero_full_20201;ca0f54ded16bba299d5970028983a761
Image/Hero/hero_full_20202;97d9ad6d55279d995369a76e5558986d
Image/Hero/hero_full_20203;a7a70fb584f0c1cc4c139f97743681d1
Image/Hero/hero_full_20204;7534cf24bb71ec7bb7744d78e24e7484
Image/Hero/hero_full_20205;da59df5f6c543373173d77dc0e375151
Image/Hero/hero_full_20206;9b54488a808ef1f0c63fd05a31f3861c
Image/Hero/hero_full_20207;c69e84efa75950e9aa314f9e69a76bbb
Image/Hero/hero_full_20208;f440950fe573afb4329bc975d517f2b4
Image/Hero/hero_full_20209;260289d32681cd2940a419ed77a1b8f5
Image/Hero/hero_full_20210;88329706abbf48ed2ae2e6d65856f97f
Image/Hero/hero_full_20301;7125c0f6615fb48b743b361e5e6ac688
Image/Hero/hero_full_20302;b5ef84c73946ed31d1154a400a393a6b
Image/Hero/hero_full_20303;91d57719afedc6e6718b45b4a2d03479
Image/Hero/hero_full_20304;731b339c58fcfb73915f882d21dd6349
Image/Hero/hero_full_20305;3a82ad1f5fefa0a245fdefdbd92df38b
Image/Hero/hero_full_20306;68ef9a6d1479dd436aee9a2b7fc7e7fb
Image/Hero/hero_full_20307;ff37c5fd3974196d8151dfe6916740a7
Image/Hero/hero_full_20308;13984837ed29aa708af886a9ced927de
Image/Hero/hero_full_20309;2dcef509a8febf3b123d371e6be8eaeb
Image/Hero/hero_full_20310;45ac336cc914cade95b1639464785cc7
Image/Hero/hero_full_20999;5c471dde1a05a1e8dd1d0ac6191d155c
Image/Hero/hero_list_20001;833196588a101b0b741115a8dae1e931
Image/Hero/hero_list_20002;c03d7373e32a572207811898433bb14d
Image/Hero/hero_list_20003;4c5133977bf95df37bdb72b8650f39a0
Image/Hero/hero_list_20004;d50caa88c36bb6737220f7413711fcfd
Image/Hero/hero_list_20005;e3262e91b9a2707b17aca56fc67afe19
Image/Hero/hero_list_20006;bb0ab9cd5e80a4f2b5646c69e9dbcb80
Image/Hero/hero_list_20007;6f52149d3c051caa25f10d2486625116
Image/Hero/hero_list_20008;7ceb65077bd87234e8a6f87a9761a445
Image/Hero/hero_list_20009;192d451fd8ec1dd7daeea13ca20d501d
Image/Hero/hero_list_20010;3a6dcb86a030517271a2545fc760647c
Image/Hero/hero_list_20101;f7586e418eee4014d933a29ccbf8825d
Image/Hero/hero_list_20102;11a55731cc44a4444c3bcf974abb734a
Image/Hero/hero_list_20103;f46de446e7014bb019caca7c200988e5
Image/Hero/hero_list_20104;d886372e8a156651ee5360336724f64f
Image/Hero/hero_list_20105;ec0ac12fb9afbe71c05d77129bebd905
Image/Hero/hero_list_20106;a04797c7ca804b4fdf3344f579874868
Image/Hero/hero_list_20107;2d72a962ef3db9ac424616b1589fd6f2
Image/Hero/hero_list_20108;6558a5a075c56d886a7b23f9ba8c0f19
Image/Hero/hero_list_20109;4547828b212941d0df5da3ad4d9e63e0
Image/Hero/hero_list_20110;e8a90f462bf8f5d68e46cc85333e1d5a
Image/Hero/hero_list_20201;e231a01dc7626b48d2a80908fc3b880f
Image/Hero/hero_list_20202;c61c74413d6f325645629b214ea3f39e
Image/Hero/hero_list_20203;3ae001ac0a4b717d1907c3f61e7c400a
Image/Hero/hero_list_20204;91d49dcf7daf7b1bdb46fd9494fffae4
Image/Hero/hero_list_20205;7c48baead222303ad86a91f023475452
Image/Hero/hero_list_20206;97921991368140be0bd96b96712cb4a6
Image/Hero/hero_list_20207;f4fe7a093a9b534d5369be33a351e03c
Image/Hero/hero_list_20208;f2baf903c7450486adc34b7cce6e2d38
Image/Hero/hero_list_20209;975232b02adf6492467fe2318b07034b
Image/Hero/hero_list_20210;bf64653434add5bad02a1143e918cc65
Image/Hero/hero_list_20301;6ebd0f5cd146c39297b894b54d6c5dac
Image/Hero/hero_list_20302;6807537079b99dd11bd319080281536e
Image/Hero/hero_list_20303;795095ce3e5b2b072a46e6cc5f39de42
Image/Hero/hero_list_20304;4c9cc42bb93fa0c596c64f14026a952c
Image/Hero/hero_list_20305;3dd6c6c64f645cd7df52c87082e6ab77
Image/Hero/hero_list_20306;218f5524e6e6d1e5c4c0bcb85ea48c9e
Image/Hero/hero_list_20307;56e266f2bb0c0e03cd85c4de55e829ef
Image/Hero/hero_list_20308;4b76aa14c79c1581a56e816b2d040bb6
Image/Hero/hero_list_20309;5299f32a792af8ead0fba4010f53c68b
Image/Hero/hero_list_20310;35574d4e53951dac6cbd1bfbae995dc5
Image/Hero/hero_show_20001;12e0ca79f9b8aab58692e28e51328863
Image/Hero/hero_show_20002;5ab78e5b92e60fc83a022cd200c3b662
Image/Hero/hero_show_20003;df6b28dd78dd2a3d70f21813554e53ea
Image/Hero/hero_show_20004;b167bbbc5ed88e8a811b110168d627ef
Image/Hero/hero_show_20005;feda4692a6e84fd094fd4ab93d83fc7e
Image/Hero/hero_show_20006;cd6d5fac41f19d5584f71cc47d823a2f
Image/Hero/hero_show_20007;fce3f8dc89eb397e7bb09aab7051e626
Image/Hero/hero_show_20008;dc7e7da240099d1fe3fdb1f87ac88f50
Image/Hero/hero_show_20009;d4afd22644644a854d849b7791366973
Image/Hero/hero_show_20010;f999826771149cee6347d08928beef21
Image/Hero/hero_show_20101;a8626971dfa0d004666e9a8438e859f7
Image/Hero/hero_show_20102;585a17745753fe4dc7e32fdd87fec6c3
Image/Hero/hero_show_20103;3342d5d00dbe38c2a2cdcc8eb5875995
Image/Hero/hero_show_20104;70297ac9769524ec0a6cba97e00b5121
Image/Hero/hero_show_20105;a8a47011b7cd325f3d2a2ff0b512d4c4
Image/Hero/hero_show_20106;038e369928bff885df7fca727c8f06a3
Image/Hero/hero_show_20107;2f52a44e7e00c04f1f9441c74bdcf937
Image/Hero/hero_show_20108;c1b8bffcc96af3608c60bcc31ef69dd8
Image/Hero/hero_show_20109;65c12b56c864aafde653be4bef9bd56d
Image/Hero/hero_show_20110;43ca9cf1cfbdaf1837d159e0e26f20fa
Image/Hero/hero_show_20201;90da362034bdfa3c7bbd7ad17b02ec8e
Image/Hero/hero_show_20202;71f30f626492a321b519afd2bc933f71
Image/Hero/hero_show_20203;0eca72f57fd5450ee8cdcb84a11acfe1
Image/Hero/hero_show_20204;dc2b4551e83038ce674aa030d59a65aa
Image/Hero/hero_show_20205;b7c80a6b67e5cfb4dd431a82d849ba3a
Image/Hero/hero_show_20206;8cae4e0e173edc5558f54601d85809ff
Image/Hero/hero_show_20207;04c7d0933c7b98f2c9d87ba33dd25871
Image/Hero/hero_show_20208;3d10a8cd32ce7159c2c844edab7de062
Image/Hero/hero_show_20209;652143747c1926ad388ee3a51c6e5d8e
Image/Hero/hero_show_20210;e235a89cc45b42aff2393ed980ee1f40
Image/Hero/hero_show_20301;96fafe7793ec84d0e64c5716a9a3f0d8
Image/Hero/hero_show_20302;e6d625ee78b4ea4f27aa9d284fa5e204
Image/Hero/hero_show_20303;284e9007e0cdc9def7c5cf23c279759b
Image/Hero/hero_show_20304;33328400270df9184ef9ac954943dba2
Image/Hero/hero_show_20305;739863d7d514b56027fba02b271ac127
Image/Hero/hero_show_20306;f7c5b6a63ba02186d7d156c3bf50897a
Image/Hero/hero_show_20307;7aa4054289d376014652f998686b9b4e
Image/Hero/hero_show_20308;8fafb6080cc2fd5e0accbef2e443f153
Image/Hero/hero_show_20309;bf1d32f6bef1e82d829eeef570168915
Image/Hero/hero_show_20310;67bcd92b401d38c6e336935b388e691e
Image/Hero/hero_show_20401;af219691a33749fe1bb95f307d4d72c8
Image/Hero/hero_vs_20001;11e5f1a9e26597b04192e28a303f3a8b
Image/Hero/hero_vs_20002;89aee0dc5f237f4770abcb4dc1de3844
Image/Hero/hero_vs_20003;30a35da919c153c487cf95397fcaad2f
Image/Hero/hero_vs_20004;154ab3a051ed5a8836e64eafb3cace7f
Image/Hero/hero_vs_20005;c65a4dbe0d0fcb9ce9723eb90f91f172
Image/Hero/hero_vs_20006;f7aa54f7facca12021e2113eb513278c
Image/Hero/hero_vs_20007;4f7a00da2b191428908f946a4865d2ae
Image/Hero/hero_vs_20008;4fd1de2389f5d02592f2768e139ded09
Image/Hero/hero_vs_20009;e2a75c1a8ea873a33be2f2a577d74a87
Image/Hero/hero_vs_20010;7ab472c751000378f06ca3960d2bd5c2
Image/Hero/hero_vs_20101;bb2d86cb2032112c374ef925b2cb9b7e
Image/Hero/hero_vs_20102;f77bb7ae3ae274f748a750cdab0b6764
Image/Hero/hero_vs_20103;396577fee880336a8d1f6b44cde141c0
Image/Hero/hero_vs_20104;166b03ed430122d0ec18959a348a158c
Image/Hero/hero_vs_20105;75a660ac2c2813d7c708e9168f66e8ff
Image/Hero/hero_vs_20106;a594e4f65ee587518d40145498bb120a
Image/Hero/hero_vs_20107;569668ad80dbcdaf0a40af70e7d8b628
Image/Hero/hero_vs_20108;ac9004e1eafc23a152a10fb19ed0ff6d
Image/Hero/hero_vs_20109;3c0ad33f827ef07feeb36ddf3dc2d4ab
Image/Hero/hero_vs_20110;c43f197a06f0abfe1d3d8c3ef1cfb329
Image/Hero/hero_vs_20201;b0d9b71a25118fc4e6972e5f4b9c4fc1
Image/Hero/hero_vs_20202;164670fd444062cf0a15b61260971a0a
Image/Hero/hero_vs_20203;8c18f3da380b4095d042e0db8663efc9
Image/Hero/hero_vs_20204;ac8488a38b8cb26d4fddeb59bce54fed
Image/Hero/hero_vs_20205;aa7613336a7dd0129c2d92a19c98bfc7
Image/Hero/hero_vs_20206;83eeeb8c5a1b47a493e65e57488b6eed
Image/Hero/hero_vs_20207;af938062225fd03ebaa81722ceb51d31
Image/Hero/hero_vs_20208;6babd51f8afdb8c59e1739ae3450b05f
Image/Hero/hero_vs_20209;8c73efb7bf45bb5568573704b53c9928
Image/Hero/hero_vs_20210;68d614faf8c2fbd0cd98e807c652eae8
Image/Hero/hero_vs_20301;4e372c93a53f81511ad888c851b4945d
Image/Hero/hero_vs_20302;04e9dc1567aed1de86878370ecf33198
Image/Hero/hero_vs_20303;a6bb1bbf1859dee1e5b6a3cf4ac1a7d6
Image/Hero/hero_vs_20304;e73a9ffa132625324b7d3ae2944879fa
Image/Hero/hero_vs_20305;e9257c4642d80035df3e6ceed475e954
Image/Hero/hero_vs_20306;e1f19a629fb68d90e2b8c54f0b842108
Image/Hero/hero_vs_20307;d2b410960bcc0960e4c50dc18728159b
Image/Hero/hero_vs_20308;dc278b8e46a2a583d682986e93319205
Image/Hero/hero_vs_20309;fbe6458829c1bbb32d919397a4ef3a84
Image/Hero/hero_vs_20310;ca6c36c448d5f5ba2227f053b9ebe65e
Image/Hero/hero_vs_20401;d6a07d8e692a04e6c3ea4d575cbcc377
Image/RoleHead/rolehead_01;5f4dfbf13118143e73d848700ecd4d6c
Image/RoleHead/rolehead_02;4edfddd34c617b9650e920b9bcc8021d
Image/RoleHead/rolehead_03;dc0d712483788c4838e89900b5cabd10
Image/RoleHead/rolehead_04;929a0cef22a3f8d8c0ebc9b689f99333
Image/SkillIcon/con_skill_01;880e44bf398f10eed5e2c190944e2fe2
Image/SkillIcon/skill_50001;42c9cec02ca9087bd87364437b837fb9
Image/SkillIcon/skill_50002;2c66cff709be590f19bf1ea21f63b535
Image/SkillIcon/skill_50003;259b3c40c581ff06f0a90c6390c1ab01
Image/SkillIcon/skill_50004;26e288fa73a54822e2cc09dcf5813c11
Image/SkillIcon/skill_50005;677c0d7f3c19123860afdd71fa3287b2
Image/SkillIcon/skill_50006;b85ed469c6b3b780fd78ccebe24f4ef6
Image/SkillIcon/skill_50007;1403bffad6795fd154c91c562a895889
Image/SkillIcon/skill_50008;f17add181bf51be6025b57ac1005c084
Image/SkillIcon/skill_50009;d0270b3e07ffeffd89954f7f320db194
Image/SkillIcon/skill_50010;b8584cdb0dac85a3d5537dd5ad2ec68a
Image/SkillIcon/skill_50011;3d39b51d1e25ace997cb42267a2d64a2
Image/SkillIcon/skill_50012;b8a7608a80317b3395757ec9874c0a77
Image/SkillIcon/skill_50013;9ba4fed7fe14e9c632349b9b22d7c061
Image/SkillIcon/skill_50014;62dcd6f97beb95b97499589fc9bf8717
Image/SkillIcon/skill_50015;c56bcedbd689e3615f8a632de610d861
Image/SkillIcon/skill_50016;e0336085d8d1dfd01918e775e4f233a4
Image/SkillIcon/skill_50017;59e4a98ff617bb19d2dc02fd09aa502e
Image/SkillIcon/skill_50018;e60be5299bfe1318b34ffa33d67b0315
Image/SkillIcon/skill_50019;f773494859d55d6e1f246155efc76180
Image/SkillIcon/skill_50020;1fb39df083a5a9094b52fe2130bb2646
Image/SkillIcon/skill_50021;b85ed469c6b3b780fd78ccebe24f4ef6
Image/SkillIcon/skill_50102;92dfbb2a9593b554c6085a2290571046
Image/SkillIcon/skill_50107;f306e7b28fff6a70bb994d225308785d
Image/SkillIcon/skill_50109;b93b1f8d8c172f6c67278dde0fa70f09
Image/SkillIcon/skill_50202;f01c85029848a6a72943b0618d5ed1ce
Image/SkillIcon/skill_50204;053af943f9af99b2fa2af8c00acc8dee
Image/SkillIcon/skill_50205;d0297fc9f6ff8b8936f45edbb57e28c2
Image/SkillIcon/skill_50206;5a38c9757818613108d303cf0862372b
Image/SkillIcon/skill_50207;677c0d7f3c19123860afdd71fa3287b2
Image/SkillIcon/skill_50301;4e1ab5e1a0f9c69d963a8fe6e610753e
Image/SkillIcon/skill_50302;ebdf4c946dd336545e16e36e27e20a96
Image/SkillIcon/skill_50303;7a717c4c9daee1d2b91f67d98b9c68f0
Image/SkillIcon/skill_50304;44cfcd22620ffae751f9b158c5aece1c
Image/SkillIcon/skill_50305;b93b1f8d8c172f6c67278dde0fa70f09
Image/SkillIcon/skill_51003;59e73458930994486c7552c09aaadddf
Image/SkillIcon/skill_51004;84a2b4ae77ab813f6607fa5451573f9f
Image/SkillIcon/skill_51010;7c491f1cc602ca2d5cf95b930ce87ee5
Image/SkillIcon/skill_51102;bf25e5b1129d4c61d1a1cfb2228c40d3
Image/SkillIcon/skill_51107;d14f86460af66e8f918f44c601536203
Image/SkillIcon/skill_51109;df8c0c7cc704bfe2c14dcf26b86478ab
Image/SkillIcon/skill_51202;aec221de56514e1e35779b8a6be9ece9
Image/SkillIcon/skill_51204;2de92f15ca496e8f4f1bf5dac09642fe
Image/SkillIcon/skill_51303;1fc3b7864b2ed308e79a18a01963dc1f
Image/SkillIcon/skill_52003;9f684ed66cec09d140cf846936ae6a35
Image/SkillIcon/skill_52004;86c9d3fbcebdada701623971d7f0164b
Image/SkillIcon/skill_52010;00faf01582bd22bf7298e883b2f095e7
Image/SkillIcon/skill_52102;b7c3fb73377b58dbeffc36b955fc9c19
Image/SkillIcon/skill_52107;8724c2a2043e11f5f10d06dec9731358
Image/SkillIcon/skill_52109;071dfc238ad5ea7124826693da1405e9
Image/SkillIcon/skill_52202;f46c8d0236a91740f77456d834beaf3b
Image/SkillIcon/skill_52204;e66bec9a7032bc95c6b01eaa626eecd0
Image/SkillIcon/skill_52205;6e13ff1286685690a7c06b027df60ce0
Image/SkillIcon/skill_52302;3f4a727a29dac3eed4121d085d0e2ea0
Image/SkillIcon/skill_52303;7a717c4c9daee1d2b91f67d98b9c68f0
Image/SkillIcon/skill_59805;4676bc664110eb6859f0a7ed8c1b150a
Image/SkillIcon/skill_59806;72fec5fa388a12904a69ea466992ffbc
Image/SkillIcon/skill_59807;d80f58b2d4eddf3fda79315db5525531
Image/SkillIcon/skill_59808;f6d404348ee42f7f9a397ca16660e7b6
Image/SkillIcon/skill_59809;255c7ab6c91e32671e33e0aaa2fa354f
Image/SkillIcon/skill_59810;f262e226c528318559f602f0843e6950
Image/SkillIcon/skill_59811;b0214478badfa94f09ee47870a198acc
Image/SkillIcon/skill_59812;b574415f0aad706a8443745dbf4ffe48
Image/Soldier/Soldier_30101;4106f43d4a4d56d2480ca2557da58dfd
Image/Soldier/Soldier_30102;7dd9a8cdebcd409fb50dcaff300ce32a
Image/Soldier/Soldier_30103;7101840ac9b38d62b2b2c667ffe24ee3
Image/Soldier/Soldier_30104;a6d5e2f1c2d80880ffb663f3c4e1a129
Image/Soldier/Soldier_30105;c632668003874496ab1a1c2a61edd99a
Image/Soldier/Soldier_30106;8fc87cce741946f2f5eced1d37a90d62
Image/Soldier/Soldier_30107;37e295edaec7a583ba4a1c93a3c2f2f2
Image/Soldier/Soldier_30131;fef261678a3ce8501fc54ec1343e1da4
Image/Soldier/Soldier_30132;e8387c88564b749e8f778171caca7b78
Image/Soldier/Soldier_30133;81572754cadf033220787af465cf4b07
Image/Soldier/Soldier_30134;c5ca486d36e8f6f0286f3cb021006829
Image/Soldier/Soldier_30135;9df9689c06e49cd48fae77876ea2289f
Image/Soldier/Soldier_30136;6818de248c7eb1b08f055583a4a6659e
Image/Soldier/Soldier_30137;581e2bfb5a2756a059d090e165b3a105
Image/Soldier/Soldier_30161;ea091a90fdb288fb0d3cc318a2aa1dfc
Image/Soldier/Soldier_30162;2621bfead68ad09c32390593e76baff2
Image/Soldier/Soldier_30163;801997662834ae2630ea22013524a267
Image/Soldier/Soldier_30164;916fdf8a181185d815c382f000dc0037
Image/Soldier/Soldier_30165;73da1096625bd5181b5e96f7e94e225a
Image/Soldier/Soldier_30166;b0848aa2ad7fdfa928b8988992697fdb
Image/Soldier/Soldier_30167;2eaf667c144bb9a22e7b66b4039cd24b
Image/Soldier/Soldier_full_30101;8f654b74c56e28703a4755357f83ee1d
Image/Soldier/Soldier_full_30102;d0b81c5dda5c6b3926fd0499b3ce710c
Image/Soldier/Soldier_full_30103;c2416e58811cd8b704bb3bf3718d5451
Image/Soldier/Soldier_full_30104;0f0fca9acb0b64cb0b40835a48a9517c
Image/Soldier/Soldier_full_30105;0e75ed2eb016b302c8d1ac8a29f56919
Image/Soldier/Soldier_full_30106;976621125c6d61800f0af6249c7813b8
Image/Soldier/Soldier_full_30107;e287d0b48b4989d074a36e3abf2b4170
Image/Soldier/Soldier_full_30131;7fcb0e4c03f91ee2ee6f694d10045895
Image/Soldier/Soldier_full_30132;ac42f97a17ccdd857f605a0aa0e24d6f
Image/Soldier/Soldier_full_30133;b37cdadb3e78d1912e10fb495864c767
Image/Soldier/Soldier_full_30134;672fb6f6ab531a819f6389f07b5a05c2
Image/Soldier/Soldier_full_30135;ecc71e56a084f6a6ccf4d28dbde7c584
Image/Soldier/Soldier_full_30136;a80e47949c174bee19b60b56ba732012
Image/Soldier/Soldier_full_30161;a345a46fa0a356b73904dfbc2b916750
Image/Soldier/Soldier_full_30162;c6e0d263148b829ea927d7592c113674
Image/Soldier/Soldier_full_30163;88c609c4d447511f89bd6e61d733da00
Image/Soldier/Soldier_full_30164;c6513217bd60efed10e66661d28dc435
Image/Soldier/Soldier_full_30165;20e0133351d3a0a610658e478986bce8
Image/Soldier/Soldier_full_30166;19adb63d4778f29ba7bca2041627b262
Image/Soldier/Soldier_full_30167;392a48969967066b479d57712db59534
Image/Soldier/s_0000_Soldier_fb;17abf71fba7c5fb409527d530d5e9a10
Image/Soldier/s_0001_Soldier_fb;5fada796202f3fdafad54719f1fcd89e
Image/Soldier/s_0002_Soldier_fb;b11fdb62bf411a28d6cc442fcd98044a
Image/Soldier/s_0003_Soldier_fb;66bc6a0b967d7d54cbf3f15587937004
Image/Soldier/s_0004_Soldier_fb;0a63271450481f84c17bbca5527ea32e
Image/Soldier/s_0005_Soldier_fb;6d3c813dc80b33e25b61fb8cece3eff2
Image/Soldier/s_0006_Soldier_fb;565c65293e8e4238ac8b553424a48658
Image/Soldier/s_0007_Soldier_fb;3dba8f2ff990431c0652c31c66a77be1
Image/Soldier/s_0008_Soldier_fb;2348a5f0618ae55136cf42ee4bafedbf
Image/Soldier/s_0009_Soldier_fb;2efde426c9d179b9e9118cc0d668c033
Image/Soldier/s_0010_Soldier_fb;68b8de8c3d07f729fb98d80dde16c886
Image/Soldier/s_0011_Soldier_fb;52df91ad32d0855bb709ccb06bac9d6e
Image/Soldier/s_0012_Soldier_fb;b106d08631b6801494dbea13ef148d66
Image/Soldier/s_0013_Soldier_fb;20c0bf9ee1f90b9ec0d8bf85459e6352
Image/Soldier/s_0014_Soldier_fb;8ab13a3b568c402980cc7d716e51decf
Image/Soldier/s_0015_Soldier_fb;63b8650cd324ae14a054fb48d7d60edf
Image/Soldier/s_0016_Soldier_fb;7eb4deb0db74508ebb1a4216919dded6
Image/Soldier/s_0017_Soldier_fb;05a2c64661af42489a79c927edd5f04d
Image/Soldier/s_0018_Soldier_fb;2984f393b9cb7ffb1ccd6eb9829aaf9b
Image/TaskIcon/task_01;f12b8822b267bec570f701185ec48435
Image/TaskIcon/task_daily_01;cd021211d8a82486134e49fa4d61134c
Image/TaskIcon/task_daily_02;3bacf9e098847f70e50d85ad540b9bc6
Image/TaskIcon/task_daily_03;10df4a13f2afa4d561ae84c0af132488
Image/TaskIcon/task_daily_04;d8d77c6db88a02b2c3e9c68df65d185f
Image/TaskIcon/task_daily_05;3a592dc15fc2fe4e253b701947ddf12a
Image/TaskIcon/task_daily_06;ac91750e1b4be612de85355c268d1b34
Image/TaskIcon/task_daily_07;578cab5f0b8dd4658a9fa1fcba417937
Image/TaskIcon/task_daily_08;85005e6c33a78d8157f7d01cacb26aeb
Image/TaskIcon/task_daily_09;3a3aaca9a5c2495237e9ef05d47d911a
Image/TaskIcon/task_daily_11;a9b4d76c1fed956b24bb736fef7376bb
Image/TaskIcon/task_main_01;3bacf9e098847f70e50d85ad540b9bc6
Image/TaskIcon/task_main_02;10df4a13f2afa4d561ae84c0af132488
Image/TaskIcon/task_main_03;7c5a2edfa8cee79907cd98887eae43fe
Image/TaskIcon/task_main_04;3e34c9f97804fe7a097d73535658f383
Image/TaskIcon/task_main_05;5f65d355740fede441fcce9ad27dbad9
Image/TaskIcon/task_main_06;85ad9b1de430ba5837c748541efaaa02
Image/TaskIcon/task_main_07;c2fa5fd5a6e64efa87d8efb5c97992a5
Image/TaskIcon/task_main_08;5f65d355740fede441fcce9ad27dbad9
Image/Union/paiweisai_gonghui_1;5a8a78820404bfda8eab32e5a0d2c4c6
Image/Union/paiweisai_gonghui_10;38529258c17e1b16af1d8814e339aeb6
Image/Union/paiweisai_gonghui_2;d9b3030a9f9e5511e5a6c367be567460
Image/Union/paiweisai_gonghui_3;c3b49c5d673d7fc7644277a9e819391e
Image/Union/paiweisai_gonghui_4;704282b7dfb1b68b43e5db815afa6252
Image/Union/paiweisai_gonghui_5;4a8303b28dd8f5fa1a95ad7274ae333a
Image/Union/paiweisai_gonghui_6;33b130210907c825963305a7b2d602bd
Image/Union/paiweisai_gonghui_7;3cebe3fc1e63ae6ad107df1d9f98879f
Image/Union/paiweisai_gonghui_8;bf9cec58c711baf8443274d2b941beef
Image/Union/paiweisai_gonghui_9;98fbde3d02c90c455b267b71135f4dc3
Materials/WU_operate_select;fd3449a8f47366763a128c967bbe20ca
Materials/WU_operate_select_enemy;3e6d1d836439edcab2d3e6f001e47aae
Materials/WU_operate_select_own;b1ff8b907a9d55d1f8ecee76085a135b
Materials/WU_state_default;958489daa90b0abf6ec84081b23f5ca0
Materials/WU_state_freeze;cf34d3ed54f8501a076fbcfd228242f8
Materials/img_light;4ae13592126fce85ee617d0c811a152c
effect3d/e_3d_fire;b7dbe81cdcd1cdd40ee2bdea7ae0f3d7
effect3d/e_3d_lightning;d84badaaf889559d59bbf690f372996f
effect3d/e_battle_river;1aa3f34cc7324405fa901a90acefc943
effect3d/e_battle_river2;ce0faf65191f179f8783078414018f46
effect3d/e_buff_build_add_def;506dbe2ccb8a1e06124ba2ae8434f74a
effect3d/e_buff_build_add_produce_solider;0c213a5e9ad0b543e03f983c4a7e20e9
effect3d/e_buff_build_cant_send_soldier;2e60a05cecd4162967bed24d365ce58a
effect3d/e_buff_build_reduce_def;047088e0dd059b06f027f9045ef1f6d7
effect3d/e_buff_build_reduce_produce_solider;074e3ed80377422815398b00bd2176b1
effect3d/e_buffstate_atk_up;4927f63157293b3cf3aa99507700d4fd
effect3d/e_buffstate_movespeed_up;d665c86e8c70724643466270606cdaa9
effect3d/e_buffstate_producespeed_up;8a533867bd1734bca73561cbaa9178cb
effect3d/e_eff_build_fighting;0539b49c7bc9fa67f3a4088caa041939
effect3d/e_eff_build_fire_1;efe333796594fc8b0438ca8ddf38bc04
effect3d/e_eff_build_fire_2;a07d0d571d3ec84cb5d96fdc27b1b5e0
effect3d/e_eff_build_fire_3;4c8cb52cd9589d50665e3badfdadc8d1
effect3d/e_eff_build_legion_change;2b08847226f77f154c0122f8c93b0205
effect3d/e_eff_build_soldier_one_die;8a6931d87ff26811fdc0a5acc70a25cd
effect3d/e_eff_build_soldiers_die;190b16d998035acfbf80e84c8577535c
effect3d/e_eff_hero_capture;8bcfa2ddfd44a345f37a508b06dd5f14
effect3d/e_eff_hero_kill;710519645e8c893915f2a0956c375bd3
effect3d/e_eff_hero_kill_text;28cc8e0dfdac590c2b0acf4d8b586ed8
effect3d/e_eff_hero_save;da06525061a16f8d0a3eff37f69ec74b
effect3d/e_eff_soldier_die;8c28c32358f534bd4e7e733d514339ee
effect3d/e_hero_capture;a72615fb93893c1aa928821f8cb47602
effect3d/e_hero_killed;3e8380dcbe7b2ad6865dc34d3e53ff22
effect3d/e_skill_112_zhugeliang;708dedf5b87f2aa7f490905bb678176a
effect3d/e_skill_11_liubei;045aeb3192d5c3d82dabc4c4db8cbc59
effect3d/e_skill_124_luxun;e14be32b5593ee7b6de793d01ccdcade
effect3d/e_skill_14_huangzhong;a2e74c5be64afa1bc016bb0ea50a1b23
effect3d/e_skill_18_machao;07714febe48f188f1d470853aa36d80a
effect3d/e_skill_1_caocao_end;39b7240a33aa590ba5233c58ece03225
effect3d/e_skill_1_caocao_start;91e6941194758a9d56ba273b0bf72921
effect3d/e_skill_21_sunquan;e9fdd32188ee9cfe158b0f12ee4e6b78
effect3d/e_skill_22_zhouyu;c6a24015367d84012322b9c572d7b785
effect3d/e_skill_23_lusu;85014fa1056c5103558a94bce055ada3
effect3d/e_skill_24_luxun_end;121a78268efef3ee4d98653432bf1339
effect3d/e_skill_24_luxun_start;068bba3af31040159a85deb42476e601
effect3d/e_skill_25_lvmeng;f5b1ceb7c224f1909483595e6f567fc5
effect3d/e_skill_25_lvmeng_end;0be0e11310e8bef0d1dc8b38d4b2287f
effect3d/e_skill_25_lvmeng_start;1b49b289e052ed21b5b5bd4ae1de78d6
effect3d/e_skill_2_simayi_end;6cf054aefc95a3e26fb77f8655467177
effect3d/e_skill_2_simayi_start;7e99e6ff9f7707a1028b21448d5f80b9
effect3d/e_skill_31_dongzhuo_end;5f44c3976583d6f52c9c5e7b8c7e8a1d
effect3d/e_skill_31_dongzhuo_start;9055570b6eba3b6fe8180207e36c38c0
effect3d/e_skill_32_zhangjiao;7cc1f374e4d24b1d38b86e8aea8d2206
effect3d/e_skill_33_huatuo;b38acdfa30fdd5c0dad04b10cb1dbfae
effect3d/e_skill_34_yuji;4bf17763f43078dbe63d9759ba8ebd22
effect3d/e_skill_34_yuji_end;7690b1c3a7ac4dd92e81c0e8c688cd21
effect3d/e_skill_34_yuji_start;223231f2118ec2ec063bb47653c81514
effect3d/e_skill_35_lvbu_end;ff6b5cb9a045bfd4705b572579d1aa34
effect3d/e_skill_35_lvbu_start;f9574f37866fb343a28cbe7c8e2ac195
effect3d/e_skill_3_guojia_end;711349e4852510b5da116cbcbd35b226
effect3d/e_skill_3_guojia_snow;9cf30f48c16aedd92b8a18623bc652c1
effect3d/e_skill_3_guojia_start;1fa2d04c7641883a9eaedf25faf0083f
effect3d/e_skill_5_xiahoudun;ec0bc58d97c6a04c71bc1540d8d83c63
effect3d/e_skill_add_soldier_end;c67f1d92933ad6d13b7eff8dc0a82630
effect3d/e_skill_add_soldier_start;df87bf6c52915721877e64b49245e28a
effect3d/e_skill_bagua_01;8fce96793ff694499fabcc7c40ec1120
effect3d/e_skill_bagua_02;8c0439426a6f30d3a8125451679fa68e
effect3d/e_skill_bingkuai;68fc4493e843110672f639ff62a9ac5a
effect3d/e_skill_hou;5956fc7e34375a307c3b7cd6d7bb2526
effect3d/e_skill_hou_quanping;80b9526ad434d23fec8672eeab393c3c
effect3d/e_skill_huoqiu;dca06e3603ef6f3ccbde3c7709f5e63a
effect3d/e_skill_huoqiu_moguyun;aee79c102a52a4461477c980d426ec0f
effect3d/e_skill_huoshen;1df18540cbd20415a140dddca721a82d
effect3d/e_skill_jiaxue_01;4870fb9ff2c1c60929075b934c5153c1
effect3d/e_skill_jiaxue_02;e1634e70ea0aa4fa8f9ddf1943b58475
effect3d/e_skill_longjuanfeng02;c5258c71301c979470dddcfaf0f9f481
effect3d/e_skill_luojian01;24dc75a8c327c3bb4f57be7bc325df85
effect3d/e_skill_luoshi;9cdeb7e95840ff386ef9b3c691815f03
effect3d/e_skill_luoshi_baozha;1fb6fbcadcdb278c11e66d1d272fcc27
effect3d/e_skill_luoshi_zhunbei;310db652db24bd26a3a3f594a4a4947e
effect3d/e_skill_qizi;d9873751b4adb9b7dfbe7efb80b6d811
effect3d/e_skill_star_fail_end;fb17b927b4e82f1eb85f798774fe5174
effect3d/e_skill_star_fail_start;ce77b2e48d377b4d58319eea33d680e4
effect3d/e_skill_wudizhao_01;5ae1a579664b092342ff25aa34e05023
effect3d/e_skill_yunshixialuo;96b8685c58f2c48a89ed65d8682bdc9e
effect3d/e_spot_change;fb3027a230af7630f2d6d7e8124f7807
effect3d/e_turret_atk_ball;5e3f3cbeb4bfd8ad7bc463a3808ba54c
effect3d/e_turret_atk_explosion;e2ed9d47becc070032fb1f400fde7d79
effect3d/effect_fire;8088db764b314cc118eea466ef57ebad
effect3d/effect3d_cr/e_legionexp_l;5094b37c2d51dadc61bed2500960c57f
effect3d/effect3d_cr/e_legionexp_m;60c793a2a6553750f98779d9d94fc19c
effect3d/effect3d_cr/e_legionexp_s;b78dd028ed16a38124b52b2e126a32b0
effect3d/effect3d_cr/e_target_build_own;ec49f5e3f3b1f8ff82b8ca60fd0ab90d
effect3d/texiao/moxing_mianpian;81b68f9770492f5533b830db93d3734a
effect3d/texiao/Materials/No Name;e0adc2fbb0ed84a2e696aabbe509ec45
effect_ui/CR_ui/Indicator;6b4159ff73be587762c3e412adc3ac44
effect_ui/CR_ui/bolizhao;e6d304aeef01dd230d6c4bdf8393345b
effect_ui/CR_ui/choujiang;3dfd51e79dfd5f9bdfaf2111cba5a3e2
effect_ui/CR_ui/dong;e95dfe8b1ac358d8f8718478cda1f48c
effect_ui/CR_ui/e_eff_build_legion_change02;dd368112bf25e8cc7f23e0de08c8deb5
effect_ui/CR_ui/e_ui_chest_card_spark_blue;8408e639cd03296289a7a1fa71903976
effect_ui/CR_ui/e_ui_chest_card_spark_purple;cfd3167449a2837d923148f4ec7f72a2
effect_ui/CR_ui/e_ui_chest_clock_tick;9f37c1e9a1a04dc1fdd97703e0e42929
effect_ui/CR_ui/e_ui_chest_jump;719bf70c41aa680ee02815377fd82ac9
effect_ui/CR_ui/e_ui_chest_level_up_prog;3142e7c63fb60e648690de1f7659c4de
effect_ui/CR_ui/e_ui_chest_open_sparking;c30973ae8e4750a396be6f6dd81180b1
effect_ui/CR_ui/e_ui_chest_open_tip;350bbd415883d915a6c3067d9f81a704
effect_ui/CR_ui/e_ui_chest_star_fly;1dd4f8c3e37606072deff87dfb011d05
effect_ui/CR_ui/e_ui_chest_time_curtain;fce21d6e4e21b20d2aa7e7ec46bbbd7f
effect_ui/CR_ui/e_ui_dengji_tisheng;4148367771d77c4b500cb00e2e806b24
effect_ui/CR_ui/e_ui_role_exp_fly;52f0d9f1cdf1fd03c263350f7da1e6f0
effect_ui/CR_ui/e_ui_war_skilluse;adc092bf3fa1bd6b18e693299cebb657
effect_ui/CR_ui/fuben;1d8bfba072aa37af7fce726162769916
effect_ui/CR_ui/kapai_d_zong;d1d4c53d6a2d9a125e09f5f5af461591
effect_ui/CR_ui/kuang_xuanzhaun01;261342750d11a506092f0a51be8d026c
effect_ui/CR_ui/nuqi_shengji;38b7120fa12abaed18b0b8b23f7f1e8d
effect_ui/CR_ui/nuqi_shuxing;3378b0a1e7f948e6dafbb2721843b795
effect_ui/CR_ui/shangsheng_guang;50a5baa94e6bf761dfc01b192c73549b
effect_ui/CR_ui/zhujiemian_diandian;7d3633b0f369e29ee4b219ee47bdd771
effect_ui/CR_ui/zhujiemian_huo;43eaca53494fdc629f0dc7e70dfdd5c8
effect_ui/CR_ui/zhujiemian_shuipao;10a03a5aa4334ef2f6a2522bb7d5ab20
map/map_109;3368157e3a902df56bf1129dac4d9a9c
map/map_110;eb0b9af5281a85aa3783ba8c62218fa1
map/build_ground/war_build_ground_1_caodi;4f28c45a02058da29816e96d5e1f03ab
map/build_ground/war_build_ground_2_xuedi;72885f1a8ff9676c72edfa4cfa54b3c1
map/build_ground/war_build_ground_3_shamo;ba29c0da5bdacbfad5201ee6b1b08202
map/terrain/war_map_1;186dc31353720c73882c84969ba42644
map/terrain/war_map_2;dbc9b4be693b17026a66166734192c80
map/terrain/war_map_3;bae16726fed6a715c2a3b679b8f5a030
map/terrain/war_map_4;2f265fc688dd00c4920af2a5cf053897
map/terrain/war_map_6;d9848d19bb6e94dfd5a00353846597bb
map/terrain/war_map_7;23672634a220a285e51d0f3f83daaf5a
map/terrain/war_map_8;3a83c4215fed16c67210687a1e06ff6d
map/terrain/war_map_9;7f5032d257bafbad16a3cedb1739ee6e
module/BattleEnd/BattleEndPanel;f88b8dd63549c04e934a7bf1a4f33859
module/CardInfo/CardInfoPanel;d473d0518969a3264bc1f70d12ed0f42
module/Common/CardBrand;1c8dcb7ba2574a9a90f51cc3c82274ed
module/Common/Chest;c59febc46cff943a129b75e89271b7b3
module/Common/ChestWindow;4bd0cc0b814f9ee12bfd614a0f0c1bd9
module/Common/GradekUpPanel;1f2b70e68e90ac4f8687413c3505f51b
module/Common/GreenTip;e5ced7a778b54b1f628d38872e1fdcb4
module/Common/ItemCard;010853eb368f40474a0aafbb7cc57cde
module/Common/ItemCardCollect;3a666ad78172e6aa8d6174ff126e48f5
module/Common/ItemCardLevel;ff1c525e5e323a68482a425961b76979
module/Common/MsgAlertPanel;108f91332386edf16d82c21129c59ba6
module/Common/MsgScrollPanel;8e1d1649fa0b3a8dbdc4423663955207
module/Common/MsgWindow;e64301fbbf83296bed7d0878281a6ddd
module/Common/RoleLevelUpPanel;798eaf5b5caf73c10fa07685dbda71e3
module/Common/SettingWindow;0dc37c65cdf661a227f14adcd36bda6c
module/Dungeon/DungeonInfo_LeftItem;db522ae45edab1e83f442f5c8ec5816d
module/Dungeon/DungeonInfo_MiddleItem;43312bcce7adab53908b4667a86409d6
module/Dungeon/DungeonItem;e51a4414153116767cb87743134a4dac
module/Dungeon/DungeonPanel;8d3ac7d3642c11bf18ed3ee5a629139a
module/Embattle/EmbattleCard;56b81dea7627dc8fbe05e7a17ea3837b
module/Embattle/EmbattlePanel;e5e4a0ac4d629de268f28783e586e2ce
module/Enter/LoginPanel;8019ee95467d9b7377d5aa0841e464de
module/Enter/ServerListPanel;d1450cfdf56838c8f79c583385ef6869
module/Home/ArenaChest;efa59ae400846085c74b135f04506c70
module/Home/HomePanel;604be2ec81960c94ddc5cc0c5357a999
module/League/LeagueInfoPanel;38dc38c284043481e5037c1428b34683
module/League/LeagueItem;c7f3fe2140ba11cf1c92cb30296c9c02
module/League/LeaguePanel;53f199abc0be061cb6e497eb33963181
module/League/MyLeaguePanel;de13a242e2e75da4a954d1bd54ed717b
module/League/memberItem;3902c24195c44992a424f65a8dd8908e
module/Load/CircleLoadPanel;6d0dd45f36424dff8c736498837f8819
module/Load/CloudScreenLoadPanel;e661bf1e70901b338ca3f88d5b9d3184
module/Load/DarkCircleLoadPanel;2f130702f205810a6a0906635a3b121c
module/Load/NetworkCirclePanel;20e22a8828e26f855eba469b05c4ab74
module/Load/ScreenLoadPanel;cc96a1a69d7c37f057809b6e305cefdd
module/Load/ScreenLoadPanel_Cloud;8df2920d143caa73f9c7a79c905c3513
module/Main/MainPanel;9a6807bb9b5d949a4aa7f04dfd1897bd
module/Matcher/MatcherPanel;5e4164153d2e62c81b6cdc2a38d2e718
module/OpenChest/OpenChestPanel;ae67c361458cbd2e72cb5181968c6eba
module/Rank/RankItem;8b1ec40bae60a2ed2b07cd978a83d783
module/Rank/RankPanel;a71d6b58b2e4e5ef33611e5969f4666e
module/Recruit/RecruitPanel;22c693bd5f203585bf83b8edac9ae1db
module/Setting/setting;b87b5c17420f0ced153e7c03231386bc
module/Shop/ShopItem;095de69a150f6583d49a398c15cd542a
module/Shop/ShopPanel;f7b142641eec607cf8c6ea9f37641d5d
module/Soldier/SoldierPanel;6ee0fdfe499befa72cbaea38eb1cf927
module/Task/FighItem;8150cce5fac9fb11f4094e2137b027e1
module/Task/MailItem;2f0bcdf6445aabf004e1b5245bbc8fdd
module/Task/TaskItem;fc7c98a996444f20915dc3a437326144
module/Task/TaskPanel;77bc21cd02d00a04eeb8be64f363a959
module/Video/VideoItem;ef8d4643faf648c8fb2f39591347e9c4
module/Video/VideoPanel;b3ebc13e215b68314ba40f40b662039a
module/pvploader/PVPLoadingPanel;1265fa062632d5150ad85431a9673b51
shaders/Terrain_3Texture_1Shade;7feb84e53643e9dbe0bb921ab1a9a195
shaders/ui/Gray;b3d6edabc6021038527226e5e916545b
shaders/ui/GrayOffsetColor;ece5dbc9e9fc2f6c1a13db0a11319de3
shaders/ui/ImgLight;b2db93f22d0c03168ab5f5528ad98d6e
shaders/ui/MobileBlur;d6148964b1eaff643659a26ecb189374
sound/chubing_1_01;b3c46ad4cc0350e2bf5a351ad6264bee
sound/chubing_1_02;a2f1d6e18be62efd3d6a7d9933fa1449
sound/chubing_1_03;47bb8ebca7c9ef497539407d590793ae
sound/chubing_1_04;f629db8d1abe05ad04ea856f7e1a5e1c
sound/chubing_1_05;316888cce3b0eec8f3f538e9371bdb12
sound/chubing_1_06;12518ae6e106fd6ef4f0303fb3d5c16d
sound/effect_btl_fail;ff91eb9858cccb74e2a8e3a254943761
sound/effect_btl_win;b4b2d47476455e263e0953ca2b83b5af
sound/effect_hero_dead;7fc03b243fbea6f1db2b2db766e8263c
sound/gain_building;b95acc24569006324ad58ce54b148551
sound/gain_star;fbf81ed998e55d330e1763a22acff312
sound/music_btl;6bfbf7c4cfdf06f45faeeaa82a6e6ee5
sound/music_main_city;e174ca9b9fd1c6ea36a87c1c6ee55be1
sound/sound_timeleft_1;cf329310c583bd5e7b1132627e52738d
sound/sound_timeleft_10;8cc6aa095b68bd6d32c5fde3337153f7
sound/sound_timeleft_2;c22c8c36e88c6927e94729bff3bd856a
sound/sound_timeleft_3;c5b96591289d3fdcfb78cfe673f50902
sound/sound_timeleft_4;1d3d438a1ce1bd4bbd187af05b4cd20d
sound/sound_timeleft_5;947bfb139c46401848e062a81c7e0e9f
sound/sound_timeleft_6;62fe3cf6bf6c5eefee54b2e07cb17fb3
sound/sound_timeleft_7;f358f5ee51e52ad437980725559b85a6
sound/sound_timeleft_8;8c6fe17984f1f757aaafc54e91f5408f
sound/sound_timeleft_9;438fef4ec2c3923e3920e115fca23680
ES2/ES2BlankObject;6b734cf8c9486d6f790342dd50652fb1
ES2/ES2Init;ed1f5db81ba7657b1927f042a5a8a935
UI/DebugLog/DebugLogPanel;a5d9868466789ce4f676a1242aab9521
AddIcon;0bd874c5fb1d75da7123861ee505237d
EditIcon;7a992183be0811b37f94993eae0fa3f1
Icon;2b7663787f6a3ee19916447c25cbf604
RemoveIcon;4b3edcee9550103275bb62e7dce683f5
smallIcon;e96d5588aa0630e72ad2d35c06059cdb
en.lproj/InfoPlist;51ef59b60e5b41b91519cc662a9fe886
DOTweenSettings;75aaa4445c9df57bc08a3bf1a1180c36
