Config/avatar.csv;5e396c4cc0f8c6e5e363d552eb89bcab
Config/box.csv;798c550dfbe2b1f6b0fb17a48151e376
Config/build.csv;f7b83c689970eb470c65899c11031419
Config/build_baseprop.csv;d22754871acedc1f634c8fa47a54dbd1
Config/build_level.csv;d1262494e18d5a6bba72cb693aabff1f
Config/build_produce.csv;b6f79497c6357cb66c2929de04c4fd8b
Config/build_spot.csv;d023ee8d1c98b2cca2a737707f5b4bf2
Config/build_turret.csv;73918ed324b4ea6b7a43c40d41eee8bd
Config/build_wall.csv;d98129da16e2d0acc0ef84aa74a543bf
Config/card.csv;e216593ff25a0320b9f3eac16c8c226e
Config/card_level.csv;82367b5acfbb1e1dc94d91f31e66071c
Config/card_quality.csv;57bbb2db120d1c2d64470c8903b36010
Config/chest.csv;4ef16ca9b953f6ceba35f8bf12a08d6b
Config/chest_activity.csv;3bc2185e312bcb59078fecaa3e444731
Config/chest_frequency.csv;5276271eae606a39388b0f65d8e5d97a
Config/chest_type.csv;59aea32a84a719727f3d35bf57e10752
Config/const_vars.csv;f3880177d4a5da31ca615e96c7984ec2
Config/dungeon.csv;d0e5e4cf543af7093acb2a8d4108c0fe
Config/dungeon_stage.csv;fb376c8ff6db566db088552fb6ffd13a
Config/exp.csv;09189cc743e2eea791420b3060170860
Config/exp_neutral.csv;28628833a36ed360bb6886b7b5b6bca0
Config/formula.csv;28fe78ae8a57250de4a0122359927d06
Config/grade.csv;1b2a454bef9bfb6e49a06e0ecef0b271
Config/grade_arena.csv;c98fe8453a2dc879f884d89f97957c10
Config/item.csv;279b2d3acd17107eb3427139c8879632
Config/lineup_specially.csv;20d3d0e6aa2b8bd1a3522e5d1fa77f94
Config/mail.csv;35b517db18e4fa31b5afbc0d2d31bea8
Config/menu.csv;4acb8b2808b445d287af502ca9b7ee6a
Config/money_2_coin.csv;17bb8dc665ffcec3636064e12ef8bf45
Config/monster.csv;dc72a38c6f2d231f5e2ee72a2d29cf4e
Config/morale_consume.csv;40f5e7628276a8350673941c496c7b1a
Config/morale_hero_get.csv;e99b60ecc3b370477c752a0cc861d2f1
Config/morale_solider_get.csv;eb57ea7b2cc7050f32fb93b93b999680
Config/plot_war_hero.csv;c088978dc8e4ff8457e2e95829e9e7c1
Config/plot_war_start.csv;4d38fef0cbb4b8c2362247b08f75526d
Config/preload.csv;22ba2170dd532bdc87a57bcfe9ae15bd
Config/property.csv;fe0019fac3e3528f5a609bf78f7f2c65
Config/robot.csv;eece81cf50d03c2be55e0d9b2871f370
Config/robot_float_prop.csv;e9c760b0bc32d8d7fa6d3eb5ec5ac848
Config/role_cd.csv;bb02a642d6aa2204394eaf18fc66f04e
Config/role_name.csv;aa485de1dd2b3ddbff3bc69af6c82449
Config/shop_ price.csv;c7652ff387545046a716b1733f1fbddf
Config/shop_info.csv;20cf345f0417a197dadd4557d656ffaa
Config/shop_price.csv;7a2ac993142981d7266ff7479a4e9cc0
Config/sign.csv;fa06af54a434618fffed8c2fc5a067b7
Config/skill_war_attri.csv;280c949412051f7ebb77fb799d5db921
Config/skill_war_effect.csv;61fb7201724e342d8193ec70cdc585f1
Config/skills_display.csv;bd9deda874f340b143c2a96ff4282419
Config/skills_upgrade_money.csv;ad3564fb74cd37649749f13e027ac7f7
Config/soldier.csv;bf7a55d9554f6481e3219eaa69a9d53d
Config/stage.csv;2dd1735ad4de1b1e2094bec49fb5714f
Config/stage_ai.csv;69e3697fa5bd4f93bf95d162b9dd064d
Config/stage_map.csv;96fc2bedff37c839e61deee54a0949a6
Config/stage_position.csv;8fd99cc0837e61f983f82b34e1274968
Config/stage_star.csv;b4fb52ae2c7be8febe3ca425f3f0104e
Config/stage_weight.csv;54c86c456d586d0fc3093b37abe01bf5
Config/stage_win.csv;27c99987d86d23aae23ec0b4ac3cd687
Config/sysmsg.csv;533e9569afdc17ae87f163bd82c44d81
Config/task.csv;c52aa4e9695f8ececc91c61556124e1e
Config/tip.csv;26579ccc314bfaf2e3f35bd25c2e6028
Config/train.csv;b77b8966c908e469f2091a32a649a64e
Config/stage_path/path_1.json;8b72865af95b9bf6cb37b4da548c5fc5
Config/stage_path/path_2.json;5c5bfc312fe14bd59f0e760580eb8d41
Config/stage_path/path_20001.json;74a412f47f7c8d10c3b62de72df5d92a
Config/stage_path/path_20002.json;06540c9e8c25f0d8b4df1f5beb8589a4
Config/stage_path/path_20003.json;952985be4b0d9694057665d402ca7032
Config/stage_path/path_20004.json;9e948a029005713a64a2960abee0f8f9
Config/stage_path/path_20005.json;6fdb486f2f6dc10b817a6f407f473c3f
Config/stage_path/path_3.json;b6a253df707701ea0b929bc2ac0c262a
Config/stage_path/path_30001.json;cc937031686e1d66126524998cda241a
Config/stage_path/path_30002.json;a225339e28c1960cbf73e852eb756fa4
Config/stage_path/path_30003.json;a20745c0482cf46ca08a57c9438cdbcd
Config/stage_path/path_30004.json;bc172be5d5ba10b2678846c4cd89004f
Config/stage_path/path_30005.json;380da15e1d4baedaec644336f0cb1f43
Config/stage_path/path_30006.json;71b574e2f88c5140d3426b839a13b171
Config/stage_path/path_4.json;430d708530128aabbd4926c35ebbdc8f
Config/stage_path/path_40001.json;72523942cde4f0c2df32e0efdd7cd404
Config/stage_path/path_400011.json;ba1d01974a014f1f10ccb8bfc93b6129
Config/stage_path/path_40002.json;ce74c508e58973ce2983406a9fc0f3cb
Config/stage_path/path_400021.json;c58021eabfaca1d532ed19134f7ad443
Config/stage_path/path_40003.json;9a9fd56d277d0cf0afc08ba39a419588
Config/stage_path/path_400031.json;5667cf502c5c44f453af7135f9115d1d
Config/stage_path/path_40004.json;40d04e91c6fa9b3d20c6859c27008b47
Config/stage_path/path_400041.json;b755ad56fadad2951b1405ec823c7d54
Config/stage_path/path_40005.json;2100b64934c5bf156f20871c8a3a91b2
Config/stage_path/path_400051.json;c84e31c4224b0f459f98024672caa95f
Config/stage_path/path_40006.json;f260b52389ef3cd65510b6ef3e316d51
Config/stage_path/path_400061.json;ecd2e7295a93412addc809dabec80906
Config/stage_path/path_5.json;3aa76f9336098a4888ab1229323b013a
Config/stage_path/path_6.json;cca0dd039b9f07d6e08aa689926923c7
Config/stage_path/path_71.json;88b4b7c79327278a2506d65e6dea53a4
Config/stage_path/path_72.json;850ea17acad0211dfdc935fef5051a4f
Config/stage_path/path_73.json;4eb743f42f4a1f1aa233de5c65b69301
Config/stage_path/path_74.json;1d4b8fddf0435c3fc57f0dc947168f63
Config/stage_path/path_75.json;b00fb1d2fc68f52b63bd6fd20bdc5ff9
Config/stage_path/path_76.json;bb27ffd5303620c50d49dcdf38671849
Config/stage_path/path_77.json;d329fd133fa908a7355a5e377f55f8cf
Config/stage_path/path_78.json;d324c596b43d609b2b6c98e00d5f0993
Config/stage_path/path_79.json;37afc146597120fce1bfdbecaf02eee2
Config/stage_path/path_80.json;2a73832d26ee079e8770537faf48ae77
Config/stage_path/path_900001.json;30e644e0694720c8684005b20da126a9
game_const.json;f08f1944b12495a9a9cc25670abbd517
test_record.bin;130905ccfe6a55069acc0979cdffd131
test_record.json;3f229d9cfafc5482f6681c29a4852831
{0}/config.assetbundle;0904edeb6372f1cb9fbcec63ad2773b3
{0}/luacode.assetbundle;4d077789ca6f136a6f8860c2697600bc
{0}/unit_prefab/unit_prefab;bd19c6d26874e3da2478cf98f7bc9d51;assetbundlemanifest
{0}/unit_prefab/casern/c_01_zhangpeng_0_1.assetbundle;b32e0362517469a74d89d5118934f28b;c_01_zhangpeng_0_1.prefab
{0}/unit_prefab/casern/c_01_zhangpeng_0_2.assetbundle;87c839ab4829484d7cf3c7b4a1a7628e;c_01_zhangpeng_0_2.prefab
{0}/unit_prefab/casern/c_01_zhangpeng_0_3.assetbundle;40bb30e74383ead45038b1cc0a8f36b0;c_01_zhangpeng_0_3.prefab
{0}/unit_prefab/casern/c_01_zhangpeng_1_1.assetbundle;c92644e03f098c5c6140791c6d2b8e9f;c_01_zhangpeng_1_1.prefab
{0}/unit_prefab/casern/c_01_zhangpeng_1_2.assetbundle;c2f3be3460b3e7920117cec32f12f94b;c_01_zhangpeng_1_2.prefab
{0}/unit_prefab/casern/c_01_zhangpeng_1_3.assetbundle;a6b40aa68b2ac3da04366a793cc6d7ca;c_01_zhangpeng_1_3.prefab
{0}/unit_prefab/casern/c_01_zhangpeng_2_1.assetbundle;a7a01d490f37c748377463ec92938f69;c_01_zhangpeng_2_1.prefab
{0}/unit_prefab/casern/c_01_zhangpeng_2_2.assetbundle;fc474a6ed2e3cbd34fd77d228058f3ef;c_01_zhangpeng_2_2.prefab
{0}/unit_prefab/casern/c_01_zhangpeng_2_3.assetbundle;8b4ba6e66e5e5be6210de8194a0d8180;c_01_zhangpeng_2_3.prefab
{0}/unit_prefab/casern/c_01_zhangpeng_3_1.assetbundle;7b3bace191be90390686f5763568a64e;c_01_zhangpeng_3_1.prefab
{0}/unit_prefab/casern/c_01_zhangpeng_3_2.assetbundle;800e8445a10eae16309c145cd7887e33;c_01_zhangpeng_3_2.prefab
{0}/unit_prefab/casern/c_01_zhangpeng_3_3.assetbundle;8531ed17432611a9b096a45edd90bf45;c_01_zhangpeng_3_3.prefab
{0}/unit_prefab/casern/c_01_zhangpeng_4_1.assetbundle;5a1028f736e921f19e3c21e5d9f23146;c_01_zhangpeng_4_1.prefab
{0}/unit_prefab/casern/c_01_zhangpeng_4_2.assetbundle;6cd233c625c54d214739d2ba7c0ec561;c_01_zhangpeng_4_2.prefab
{0}/unit_prefab/casern/c_01_zhangpeng_4_3.assetbundle;66a4b0503af989eadaffe399ad91173a;c_01_zhangpeng_4_3.prefab
{0}/unit_prefab/casern/c_02_liangcang_0.assetbundle;f0059e55efcdee2b3400d00e105de752;c_02_liangcang_0.prefab
{0}/unit_prefab/casern/c_02_liangcang_1.assetbundle;05c4b66fbc20213dea98aa13a8be22fe;c_02_liangcang_1.prefab
{0}/unit_prefab/casern/c_02_liangcang_2.assetbundle;8a8889bca635d1eb9845beced43e56e2;c_02_liangcang_2.prefab
{0}/unit_prefab/casern/c_02_liangcang_3.assetbundle;7ca00bf52f8d23f5313d288a6412f670;c_02_liangcang_3.prefab
{0}/unit_prefab/casern/c_02_liangcang_4.assetbundle;e014f6a7ad4fa30430826c326ed95a07;c_02_liangcang_4.prefab
{0}/unit_prefab/casern/c_03_haidao_0.assetbundle;c4dc45bd9c86364d73c8db83c2924c5b;c_03_haidao_0.prefab
{0}/unit_prefab/casern/c_03_haidao_1.assetbundle;422ab0a3ba872ef278415b71d4e42c9d;c_03_haidao_1.prefab
{0}/unit_prefab/casern/c_03_haidao_2.assetbundle;1f648c10faf3796cba6a4ff71d748e54;c_03_haidao_2.prefab
{0}/unit_prefab/effect/e_add_soilder.assetbundle;1863ddc58dd6364362eeef7a379380ce;e_add_soilder.prefab
{0}/unit_prefab/effect/e_buff_add_soilder.assetbundle;c48bcfdc456fa786adc22da57e6b4227;e_buff_add_soilder.prefab
{0}/unit_prefab/effect/e_buff_shield.assetbundle;596693cf959c8258c0a92a04c2ba4c52;e_buff_shield.prefab
{0}/unit_prefab/effect/e_buffstate_movespeed_up_1.assetbundle;91127c99cc19ce3bae646c5b57d8bcdf;e_buffstate_movespeed_up_1.prefab
{0}/unit_prefab/effect/e_buffstate_movespeed_up_2.assetbundle;e149af7c01c92735eb3310975ad47e23;e_buffstate_movespeed_up_2.prefab
{0}/unit_prefab/effect/e_buffstate_movespeed_up_3.assetbundle;e171ef7306afca96907090b8b8982582;e_buffstate_movespeed_up_3.prefab
{0}/unit_prefab/effect/e_buffstate_solider_attack_down.assetbundle;8997cc413df4b1afbe47e5392a3682ec;e_buffstate_solider_attack_down.prefab
{0}/unit_prefab/effect/e_buffstate_solider_attack_up.assetbundle;badf882b2b6e05193d1f11f35ca8686f;e_buffstate_solider_attack_up.prefab
{0}/unit_prefab/effect/e_buffstate_solider_killhero_down.assetbundle;7f0d285f4467fde0fd3120ca984b302b;e_buffstate_solider_killhero_down.prefab
{0}/unit_prefab/effect/e_buffstate_solider_killhero_up.assetbundle;eb686779ed376d28726e70af8463104f;e_buffstate_solider_killhero_up.prefab
{0}/unit_prefab/effect/e_buffstate_solider_movespeed_down.assetbundle;894de2ee8281656e8139ddc02c68b47c;e_buffstate_solider_movespeed_down.prefab
{0}/unit_prefab/effect/e_buffstate_solider_movespeed_up.assetbundle;fc830f3fe60a7ba276b59a6356a3a59c;e_buffstate_solider_movespeed_up.prefab
{0}/unit_prefab/effect/e_dust_soldier_run.assetbundle;7dad7ed70b11b2500fd5c8df13dcd2dd;e_dust_soldier_run.prefab
{0}/unit_prefab/effect/e_lightning.assetbundle;de061be54ab62d2df297981cbb8f02e4;e_lightning.prefab
{0}/unit_prefab/grain/grain_01_liangcang_0.assetbundle;c43923f184d7f6caba453ecf1f7f4e61;grain_01_liangcang_0.prefab
{0}/unit_prefab/grain/grain_01_liangcang_1.assetbundle;da62aa7c23937e62afea9723a3620237;grain_01_liangcang_1.prefab
{0}/unit_prefab/grain/grain_01_liangcang_2.assetbundle;79105b0651d6cfd9b6355f27b073bfe4;grain_01_liangcang_2.prefab
{0}/unit_prefab/grain/grain_01_liangcang_3.assetbundle;becde2f7a998d327c53cdb8af7e6feeb;grain_01_liangcang_3.prefab
{0}/unit_prefab/grain/grain_01_liangcang_4.assetbundle;b64c8f7d30d88a60327e2e719824528a;grain_01_liangcang_4.prefab
{0}/unit_prefab/hero/caocao.assetbundle;25a8353fc59a6225e9fdc63e6f5d8978;caocao.prefab
{0}/unit_prefab/soldier/s_f_06_kuofubing_1.assetbundle;249aefe075b1cf984c9cb8eded027f17;s_f_06_kuofubing_1.prefab
{0}/unit_prefab/soldier/s_f_06_kuofubing_2.assetbundle;2cd1dec2e698eaf1e9de7527ad6aa6d4;s_f_06_kuofubing_2.prefab
{0}/unit_prefab/soldier/s_f_06_kuofubing_3.assetbundle;4d6fafb2c8440a1deedba8ab983e7330;s_f_06_kuofubing_3.prefab
{0}/unit_prefab/soldier/s_f_06_kuofubing_4.assetbundle;894076be41b150fe22768859f3300a8b;s_f_06_kuofubing_4.prefab
{0}/unit_prefab/soldier/s_g_01_changqiangbing_1.assetbundle;48260acc13d885b9c0f4c4b986fa0279;s_g_01_changqiangbing_1.prefab
{0}/unit_prefab/soldier/s_g_01_changqiangbing_2.assetbundle;71663fbc66065a9546299470aadef5e5;s_g_01_changqiangbing_2.prefab
{0}/unit_prefab/soldier/s_g_01_changqiangbing_3.assetbundle;ea57a670b87a5451234242946cfa12a7;s_g_01_changqiangbing_3.prefab
{0}/unit_prefab/soldier/s_g_01_changqiangbing_4.assetbundle;03e4f7e5318754bf02d2c325411a82fb;s_g_01_changqiangbing_4.prefab
{0}/unit_prefab/soldier/s_g_02_lianchuibing_1.assetbundle;3fcf11f83c965be7f80f0703b561d6c0;s_g_02_lianchuibing_1.prefab
{0}/unit_prefab/soldier/s_g_02_lianchuibing_2.assetbundle;3c0770a0dc99840b6c9a4b7918193118;s_g_02_lianchuibing_2.prefab
{0}/unit_prefab/soldier/s_g_02_lianchuibing_3.assetbundle;d011f916526dc13d3dfab664bf428055;s_g_02_lianchuibing_3.prefab
{0}/unit_prefab/soldier/s_g_02_lianchuibing_4.assetbundle;0624ae860273fa36ca51ba8a75a9fdf1;s_g_02_lianchuibing_4.prefab
{0}/unit_prefab/soldier/s_g_03_nvzei_1.assetbundle;74ed23d35442228170da06b9540e0ba9;s_g_03_nvzei_1.prefab
{0}/unit_prefab/soldier/s_g_03_nvzei_2.assetbundle;5cadc61c2d49c7ddf14a13e11f0b6e0c;s_g_03_nvzei_2.prefab
{0}/unit_prefab/soldier/s_g_03_nvzei_3.assetbundle;d08025f24cad75abd9ee5863d66a5453;s_g_03_nvzei_3.prefab
{0}/unit_prefab/soldier/s_g_03_nvzei_4.assetbundle;5398d0994618ca3eb2d98eea5b4e94a7;s_g_03_nvzei_4.prefab
{0}/unit_prefab/soldier/s_q_01_xiaozhubing_1.assetbundle;ee712018041eca1fb4aa77a634ac434d;s_q_01_xiaozhubing_1.prefab
{0}/unit_prefab/soldier/s_q_01_xiaozhubing_2.assetbundle;5c72eb78ad2dff903ac203703d8eaba3;s_q_01_xiaozhubing_2.prefab
{0}/unit_prefab/soldier/s_q_01_xiaozhubing_3.assetbundle;22d0a640df7cc0741637bec7cc487887;s_q_01_xiaozhubing_3.prefab
{0}/unit_prefab/soldier/s_q_01_xiaozhubing_4.assetbundle;4912f675067e19fd413c4f8b9d0d1329;s_q_01_xiaozhubing_4.prefab
{0}/unit_prefab/soldier/s_q_05_yezhubing_1.assetbundle;586f8e8d32c8f48b9a073c54bb989fe2;s_q_05_yezhubing_1.prefab
{0}/unit_prefab/soldier/s_q_05_yezhubing_2.assetbundle;20535cba0cda905014ecae570ba1d52c;s_q_05_yezhubing_2.prefab
{0}/unit_prefab/soldier/s_q_05_yezhubing_3.assetbundle;5198ce9f56c879935b35f79291d5d2cc;s_q_05_yezhubing_3.prefab
{0}/unit_prefab/soldier/s_q_05_yezhubing_4.assetbundle;ddfeb3f90f5ee1f139b96c337661c516;s_q_05_yezhubing_4.prefab
{0}/unit_prefab/spot/spot_01_zhangpeng_0_1.assetbundle;e2b9d1089f19d3235ab80ed96e1f962a;spot_01_zhangpeng_0_1.prefab
{0}/unit_prefab/spot/spot_01_zhangpeng_0_2.assetbundle;2ba2958d76ee90a0c75a99e34212cb64;spot_01_zhangpeng_0_2.prefab
{0}/unit_prefab/spot/spot_01_zhangpeng_0_3.assetbundle;af07675f855387c5cff3c7092722e461;spot_01_zhangpeng_0_3.prefab
{0}/unit_prefab/spot/spot_01_zhangpeng_1_1.assetbundle;aea5d1552ad5891bbaee3008c4400d66;spot_01_zhangpeng_1_1.prefab
{0}/unit_prefab/spot/spot_01_zhangpeng_1_2.assetbundle;8f924ad79965d5e8c14fc06e384bc23c;spot_01_zhangpeng_1_2.prefab
{0}/unit_prefab/spot/spot_01_zhangpeng_1_3.assetbundle;22a67763cda718d81d4c8a06d53d8eb8;spot_01_zhangpeng_1_3.prefab
{0}/unit_prefab/spot/spot_01_zhangpeng_2_1.assetbundle;766bb5cbb92ba2c8d392bccb9e4c778d;spot_01_zhangpeng_2_1.prefab
{0}/unit_prefab/spot/spot_01_zhangpeng_2_2.assetbundle;5f76651ce2f14d54ed6ce18df9749093;spot_01_zhangpeng_2_2.prefab
{0}/unit_prefab/spot/spot_01_zhangpeng_2_3.assetbundle;86b9e0e5d0999d905215490b1a68d428;spot_01_zhangpeng_2_3.prefab
{0}/unit_prefab/spot/spot_01_zhangpeng_3_1.assetbundle;90424b4a2248b9167077b3f7df4355c1;spot_01_zhangpeng_3_1.prefab
{0}/unit_prefab/spot/spot_01_zhangpeng_3_2.assetbundle;4553883d02aa39c8fc82d2b87ec760c4;spot_01_zhangpeng_3_2.prefab
{0}/unit_prefab/spot/spot_01_zhangpeng_3_3.assetbundle;713c62b0e28f426414f948f6d1f0c4b9;spot_01_zhangpeng_3_3.prefab
{0}/unit_prefab/spot/spot_01_zhangpeng_4_1.assetbundle;97825edeb656fd969c7bd29a5e85981e;spot_01_zhangpeng_4_1.prefab
{0}/unit_prefab/spot/spot_01_zhangpeng_4_2.assetbundle;1b7c8de74524f9e3e533fa9729792aa2;spot_01_zhangpeng_4_2.prefab
{0}/unit_prefab/spot/spot_01_zhangpeng_4_3.assetbundle;15813fd0b2b2d10789df801483a0c077;spot_01_zhangpeng_4_3.prefab
{0}/unit_prefab/spot/spot_02_sudu_0_1.assetbundle;ebb52e273362a8c7d54de2197bbe736d;spot_02_sudu_0_1.prefab
{0}/unit_prefab/spot/spot_02_sudu_0_2.assetbundle;dd90a6a5c5d08770f69ebcfcc402cfb6;spot_02_sudu_0_2.prefab
{0}/unit_prefab/spot/spot_02_sudu_0_3.assetbundle;c41fcd0d35c0b46200a1fa0dd066e29a;spot_02_sudu_0_3.prefab
{0}/unit_prefab/spot/spot_02_sudu_1_1.assetbundle;4dbc1a4e7ceb141b747ebff4d9785379;spot_02_sudu_1_1.prefab
{0}/unit_prefab/spot/spot_02_sudu_1_2.assetbundle;53a6a1eb0735e4bf117f935aaeb54c3d;spot_02_sudu_1_2.prefab
{0}/unit_prefab/spot/spot_02_sudu_1_3.assetbundle;b7e34001eb4d23446ba66004a6e53bfd;spot_02_sudu_1_3.prefab
{0}/unit_prefab/spot/spot_02_sudu_2_1.assetbundle;df50c965c43f06a3667f8683362fb3e7;spot_02_sudu_2_1.prefab
{0}/unit_prefab/spot/spot_02_sudu_2_2.assetbundle;6ba9e55108550ad0136253c1be1f4df3;spot_02_sudu_2_2.prefab
{0}/unit_prefab/spot/spot_02_sudu_2_3.assetbundle;0c8d046d4c07af8aa6798fa5cf57f4b8;spot_02_sudu_2_3.prefab
{0}/unit_prefab/spot/spot_02_sudu_3_1.assetbundle;9c8334f3e30f527d9a7574abcc845757;spot_02_sudu_3_1.prefab
{0}/unit_prefab/spot/spot_02_sudu_3_2.assetbundle;fa60980078e988ab29516a7ddbef2fd1;spot_02_sudu_3_2.prefab
{0}/unit_prefab/spot/spot_02_sudu_3_3.assetbundle;8bf59bcb26f621fb46577aab885bae8e;spot_02_sudu_3_3.prefab
{0}/unit_prefab/spot/spot_02_sudu_4_1.assetbundle;8f703713537de4d55a5a2ff1d34a490d;spot_02_sudu_4_1.prefab
{0}/unit_prefab/spot/spot_02_sudu_4_2.assetbundle;48cf98b80ed74b921bf8d1d6022a4ca3;spot_02_sudu_4_2.prefab
{0}/unit_prefab/spot/spot_02_sudu_4_3.assetbundle;a606f289ec7ba1ac2ff1358ed3cbd8c3;spot_02_sudu_4_3.prefab
{0}/unit_prefab/spot/spot_03_chanbing_0_1.assetbundle;c751205d70d8c18ee32ccea4022908be;spot_03_chanbing_0_1.prefab
{0}/unit_prefab/spot/spot_03_chanbing_0_2.assetbundle;c9888710f18179d00f75fa0b21eb37f4;spot_03_chanbing_0_2.prefab
{0}/unit_prefab/spot/spot_03_chanbing_0_3.assetbundle;70fa20b53ea066798293ba1d9ea2c639;spot_03_chanbing_0_3.prefab
{0}/unit_prefab/spot/spot_03_chanbing_1_1.assetbundle;724fdf29e7bfe270716e1cfb327be2a5;spot_03_chanbing_1_1.prefab
{0}/unit_prefab/spot/spot_03_chanbing_1_2.assetbundle;e46a068a74a2bd1260335a73cbd63a22;spot_03_chanbing_1_2.prefab
{0}/unit_prefab/spot/spot_03_chanbing_1_3.assetbundle;a7d743280093a710811102bd8e08ec7a;spot_03_chanbing_1_3.prefab
{0}/unit_prefab/spot/spot_03_chanbing_2_1.assetbundle;e43ed01cef49ff6af03d76f0d4245c5a;spot_03_chanbing_2_1.prefab
{0}/unit_prefab/spot/spot_03_chanbing_2_2.assetbundle;85df6ec8adcb2a89616b255940e0263a;spot_03_chanbing_2_2.prefab
{0}/unit_prefab/spot/spot_03_chanbing_2_3.assetbundle;03e2488576ed1fc584133ab848be78f2;spot_03_chanbing_2_3.prefab
{0}/unit_prefab/spot/spot_03_chanbing_3_1.assetbundle;b0b9d82d301db07219697c3b95a1c40e;spot_03_chanbing_3_1.prefab
{0}/unit_prefab/spot/spot_03_chanbing_3_2.assetbundle;1803867fedb89d336a2fb06020a924f1;spot_03_chanbing_3_2.prefab
{0}/unit_prefab/spot/spot_03_chanbing_3_3.assetbundle;0b7e8fbc1f6cab4394e20846c4f67147;spot_03_chanbing_3_3.prefab
{0}/unit_prefab/spot/spot_03_chanbing_4_1.assetbundle;9ea7e28f4b18b14e8d2582819e009aaf;spot_03_chanbing_4_1.prefab
{0}/unit_prefab/spot/spot_03_chanbing_4_2.assetbundle;72c92454cc269a68b734b63cac688087;spot_03_chanbing_4_2.prefab
{0}/unit_prefab/spot/spot_03_chanbing_4_3.assetbundle;2f75982fd55680351c5f44d3c0a66db2;spot_03_chanbing_4_3.prefab
{0}/unit_prefab/turret/t_01_jianta_0_1.assetbundle;d6f6fbf21629a31fca8128de4412972e;t_01_jianta_0_1.prefab
{0}/unit_prefab/turret/t_01_jianta_0_2.assetbundle;0af13cb110f842f9971cd9be776ee793;t_01_jianta_0_2.prefab
{0}/unit_prefab/turret/t_01_jianta_0_3.assetbundle;43b8f9e575ce8100cb6def862de760df;t_01_jianta_0_3.prefab
{0}/unit_prefab/turret/t_01_jianta_1_1.assetbundle;90a3d220158b34730b6f05c5eb31978a;t_01_jianta_1_1.prefab
{0}/unit_prefab/turret/t_01_jianta_1_2.assetbundle;b8eaf50ebe4dea374807dc36c5bc5175;t_01_jianta_1_2.prefab
{0}/unit_prefab/turret/t_01_jianta_1_3.assetbundle;3c3f161b5fa937613b43368e7a2ba9e7;t_01_jianta_1_3.prefab
{0}/unit_prefab/turret/t_01_jianta_2_1.assetbundle;c1559a0cc2f98f15b2de8e072f01ea28;t_01_jianta_2_1.prefab
{0}/unit_prefab/turret/t_01_jianta_2_2.assetbundle;8748e17b5171ba56b0ce75fabea0b835;t_01_jianta_2_2.prefab
{0}/unit_prefab/turret/t_01_jianta_2_3.assetbundle;c489e842ad3daf8997e4efeb1122d674;t_01_jianta_2_3.prefab
{0}/unit_prefab/turret/t_01_jianta_3_1.assetbundle;bdc94f6f33b873cdd0d3949c9f669d2a;t_01_jianta_3_1.prefab
{0}/unit_prefab/turret/t_01_jianta_3_2.assetbundle;0a38f8d9e19b8e4938ca612d53043ff4;t_01_jianta_3_2.prefab
{0}/unit_prefab/turret/t_01_jianta_3_3.assetbundle;8422766217174c3fbc2d99d0ba523435;t_01_jianta_3_3.prefab
{0}/unit_prefab/turret/t_01_jianta_4_1.assetbundle;39b16166930a6d3a06acc5e36d02ed11;t_01_jianta_4_1.prefab
{0}/unit_prefab/turret/t_01_jianta_4_2.assetbundle;a49e008b3616ce0880fc7857152134d4;t_01_jianta_4_2.prefab
{0}/unit_prefab/turret/t_01_jianta_4_3.assetbundle;8c52367e7591bbbf0673653e4d448519;t_01_jianta_4_3.prefab
{0}/unit_prefab/wall/wall_01_juma.assetbundle;cc9e858d179b1de801dd3ba2532a5549;wall_01_juma.prefab
{0}/unit_prefab/wall/wall_02_juma_30.assetbundle;0559b839777032ec936f097df6664369;wall_02_juma_30.prefab
{0}/unit_prefab/wall/wall_02_juma_45.assetbundle;66e67a1041479c4a82f7d95fd1337ae7;wall_02_juma_45.prefab
users/2010/record/19.txt;76ca54bacbd133e57ca6a54128c546d1
users/2010/record/20.txt;ca53053d877c0a0ac8391c4a16c16419
users/2010/record/21.txt;0a3c65b99b3494cebbc1b05f20371448
users/2010/record/22.txt;1e81c8c7ab6c63918a0b9f7afb9e4d0f
users/2010/record/23.txt;bae31bb20eece3501d5cc2326e67f6b0
users/2010/record/24.txt;5c8cedb3c0c2f034a578bfade4031807
users/2010/record/25.txt;9e148e964145fd25d5c8cfa714e066d0
users/2010/record/26.txt;e1ebd1795891561465ec850d58c05ae2
users/2010/record/27.txt;1a0bdab59c03c68a433fca7280d0a52e
users/2010/record/28.txt;d628c769dab8b636d310197c3fa3e5e2
users/2010/record/info.txt;f1e4ec4c37a5931109c9af8131135c38
users/2010/record/key.txt;5e323cff8f04cfcaf3c0f1981e1c0896
users/4264/record/1.txt;e97689c5e4ef50d8737890a99bee53f9
users/4264/record/2.txt;5247de3b92e5d3701412b73ed4223640
users/4264/record/3.txt;077025138c930a5e0f320517431b9530
users/4264/record/4.txt;ed5960050b3211d3748e5e9fa78a02d0
users/4264/record/5.txt;f28a28321010a77278dc34e19c6f8edb
users/4264/record/6.txt;f0ac2af45969b9df459a21290632ee44
users/4264/record/7.txt;dac1e5e874e31328713a0598e66cdec6
users/4264/record/8.txt;a4f70267e7fb905f587d13a1c946c07a
users/4264/record/info.txt;a2654ff4805385711a20d20c18e6315b
users/4264/record/key.txt;602e1cdb2e068dd86bd33a73e5612445
